co_municipio,,no_municipio,,,populacao,,populacao,
355120,",'",SARUTAIA,,",",3623,,"3,623","INSERT INTO public.populacao VALUES (355120,'SARUTAIA',3623);"
350750,",'",BOTUCATU,,",",149718,,"149,718","INSERT INTO public.populacao VALUES (350750,'BOTUCATU',149718);"
353900,",'",PIRANGI,,",",11524,,"11,524","INSERT INTO public.populacao VALUES (353900,'PIRANGI',11524);"
354790,",'",SANTO ANTONIO DA ALEGRIA,,",",7000,,0,"INSERT INTO public.populacao VALUES (354790,'SANTO ANTONIO DA ALEGRIA',7000);"
351700,",'",GETULINA,,",",11485,,"11,485","INSERT INTO public.populacao VALUES (351700,'GETULINA',11485);"
353270,",'",NIPOA,,",",5381,,"5,381","INSERT INTO public.populacao VALUES (353270,'NIPOA',5381);"
353550,",'",PARAGUACU PAULISTA,,",",46180,,"46,18","INSERT INTO public.populacao VALUES (353550,'PARAGUACU PAULISTA',46180);"
353040,",'",MIRASSOLANDIA,,",",4966,,0,"INSERT INTO public.populacao VALUES (353040,'MIRASSOLANDIA',4966);"
350040,",'",AGUAS DA PRATA,,",",8262,,"8,262","INSERT INTO public.populacao VALUES (350040,'AGUAS DA PRATA',8262);"
354830,",'",SANTO EXPEDITO,,",",3159,,"3,159","INSERT INTO public.populacao VALUES (354830,'SANTO EXPEDITO',3159);"
351920,",'",IACRI,,",",6269,,"6,269","INSERT INTO public.populacao VALUES (351920,'IACRI',6269);"
355520,",'",TURIUBA,,",",2024,,"2,024","INSERT INTO public.populacao VALUES (355520,'TURIUBA',2024);"
353830,",'",PIQUEROBI,,",",3706,,"3,706","INSERT INTO public.populacao VALUES (353830,'PIQUEROBI',3706);"
350870,",'",CACONDE,,",",19031,,"19,031","INSERT INTO public.populacao VALUES (350870,'CACONDE',19031);"
352850,",'",MAIRIPORA,,",",103645,,"103,645","INSERT INTO public.populacao VALUES (352850,'MAIRIPORA',103645);"
351550,",'",FERNANDOPOLIS,,",",69680,,"69,68","INSERT INTO public.populacao VALUES (351550,'FERNANDOPOLIS',69680);"
351990,",'",IEPE,,",",8228,,0,"INSERT INTO public.populacao VALUES (351990,'IEPE',8228);"
351410,",'",DOIS CORREGOS,,",",27704,,"27,704","INSERT INTO public.populacao VALUES (351410,'DOIS CORREGOS',27704);"
352890,",'",MARIAPOLIS,,",",4098,,"4,098","INSERT INTO public.populacao VALUES (352890,'MARIAPOLIS',4098);"
354430,",'",ROSEIRA,,",",10888,,"10,888","INSERT INTO public.populacao VALUES (354430,'ROSEIRA',10888);"
351385,",'",DIRCE REIS,,",",1805,,"1,805","INSERT INTO public.populacao VALUES (351385,'DIRCE REIS',1805);"
351400,",'",DOBRADA,,",",9088,,"9,088","INSERT INTO public.populacao VALUES (351400,'DOBRADA',9088);"
350430,",'",AVAI,,",",5467,,"5,467","INSERT INTO public.populacao VALUES (350430,'AVAI',5467);"
351720,",'",GUAICARA,,",",12416,,"12,416","INSERT INTO public.populacao VALUES (351720,'GUAICARA',12416);"
350400,",'",ASSIS,,",",105768,,"105,768","INSERT INTO public.populacao VALUES (350400,'ASSIS',105768);"
351907,",'",HORTOLANDIA,,",",237570,,0,"INSERT INTO public.populacao VALUES (351907,'HORTOLANDIA',237570);"
351010,",'",CANDIDO RODRIGUES,,",",2805,,0,"INSERT INTO public.populacao VALUES (351010,'CANDIDO RODRIGUES',2805);"
355385,",'",TAQUARIVAI,,",",5968,,"5,968","INSERT INTO public.populacao VALUES (355385,'TAQUARIVAI',5968);"
354170,",'",QUATA,,",",14309,,"14,309","INSERT INTO public.populacao VALUES (354170,'QUATA',14309);"
352380,",'",ITOBI,,",",7862,,"7,862","INSERT INTO public.populacao VALUES (352380,'ITOBI',7862);"
351260,",'",CORONEL MACEDO,,",",4591,,"4,591","INSERT INTO public.populacao VALUES (351260,'CORONEL MACEDO',4591);"
355270,",'",TABATINGA,,",",16787,,"16,787","INSERT INTO public.populacao VALUES (355270,'TABATINGA',16787);"
352780,",'",LUPERCIO,,",",4608,,"4,608","INSERT INTO public.populacao VALUES (352780,'LUPERCIO',4608);"
353340,",'",NOVA ODESSA,,",",61716,,"61,716","INSERT INTO public.populacao VALUES (353340,'NOVA ODESSA',61716);"
353190,",'",MORRO AGUDO,,",",33598,,"33,598","INSERT INTO public.populacao VALUES (353190,'MORRO AGUDO',33598);"
352560,",'",JOAO RAMALHO,,",",4577,,"4,577","INSERT INTO public.populacao VALUES (352560,'JOAO RAMALHO',4577);"
350420,",'",AURIFLAMA,,",",15316,,"15,316","INSERT INTO public.populacao VALUES (350420,'AURIFLAMA',15316);"
354075,",'",POTIM,,",",25603,,"25,603","INSERT INTO public.populacao VALUES (354075,'POTIM',25603);"
350730,",'",BORACEIA,,",",4913,,"4,913","INSERT INTO public.populacao VALUES (350730,'BORACEIA',4913);"
353930,",'",PIRASSUNUNGA,,",",77330,,"77,33","INSERT INTO public.populacao VALUES (353930,'PIRASSUNUNGA',77330);"
352060,",'",INDIANA,,",",4873,,"4,873","INSERT INTO public.populacao VALUES (352060,'INDIANA',4873);"
351650,",'",GABRIEL MONTEIRO,,",",2776,,"2,776","INSERT INTO public.populacao VALUES (351650,'GABRIEL MONTEIRO',2776);"
352150,",'",IRAPUA,,",",8101,,"8,101","INSERT INTO public.populacao VALUES (352150,'IRAPUA',8101);"
351240,",'",CORDEIROPOLIS,,",",25116,,"25,116","INSERT INTO public.populacao VALUES (351240,'CORDEIROPOLIS',25116);"
350330,",'",ARARAS,,",",136739,,"136,739","INSERT INTO public.populacao VALUES (350330,'ARARAS',136739);"
351885,",'",GUATAPARA,,",",7760,,"7,76","INSERT INTO public.populacao VALUES (351885,'GUATAPARA',7760);"
350350,",'",AREIAS,,",",3906,,"3,906","INSERT INTO public.populacao VALUES (350350,'AREIAS',3906);"
355430,",'",TEODORO SAMPAIO,,",",23395,,"23,395","INSERT INTO public.populacao VALUES (355430,'TEODORO SAMPAIO',23395);"
351340,",'",CRUZEIRO,,",",82895,,"82,895","INSERT INTO public.populacao VALUES (351340,'CRUZEIRO',82895);"
351160,",'",CESARIO LANGE,,",",18595,,"18,595","INSERT INTO public.populacao VALUES (351160,'CESARIO LANGE',18595);"
355480,",'",TREMEMBE,,",",48228,,"48,228","INSERT INTO public.populacao VALUES (355480,'TREMEMBE',48228);"
352500,",'",JANDIRA,,",",127734,,"127,734","INSERT INTO public.populacao VALUES (352500,'JANDIRA',127734);"
353950,",'",PITANGUEIRAS,,",",40430,,"40,43","INSERT INTO public.populacao VALUES (353950,'PITANGUEIRAS',40430);"
351420,",'",DOLCINOPOLIS,,",",2108,,"2,108","INSERT INTO public.populacao VALUES (351420,'DOLCINOPOLIS',2108);"
354000,",'",POMPEIA,,",",22326,,"22,326","INSERT INTO public.populacao VALUES (354000,'POMPEIA',22326);"
351940,",'",IBIRA,,",",12639,,"12,639","INSERT INTO public.populacao VALUES (351940,'IBIRA',12639);"
352950,",'",MENDONCA,,",",5638,,"5,638","INSERT INTO public.populacao VALUES (352950,'MENDONCA',5638);"
351960,",'",IBITINGA,,",",61150,,"61,15","INSERT INTO public.populacao VALUES (351960,'IBITINGA',61150);"
#N/A,",'",SAO JOAO DO PAU D ALHO,,",",2100,,0,#N/A
353010,",'",MIRANDOPOLIS,,",",29844,,"29,844","INSERT INTO public.populacao VALUES (353010,'MIRANDOPOLIS',29844);"
354540,",'",SALTO GRANDE,,",",9396,,"9,396","INSERT INTO public.populacao VALUES (354540,'SALTO GRANDE',9396);"
354720,",'",SANTANA DA PONTE PENSA,,",",1448,,"1,448","INSERT INTO public.populacao VALUES (354720,'SANTANA DA PONTE PENSA',1448);"
350540,",'",BARRA DO TURVO,,",",7606,,"7,606","INSERT INTO public.populacao VALUES (350540,'BARRA DO TURVO',7606);"
351050,",'",CARAGUATATUBA,,",",125194,,"125,194","INSERT INTO public.populacao VALUES (351050,'CARAGUATATUBA',125194);"
353920,",'",PIRAPOZINHO,,",",27974,,"27,974","INSERT INTO public.populacao VALUES (353920,'PIRAPOZINHO',27974);"
352020,",'",IGARATA,,",",9631,,"9,631","INSERT INTO public.populacao VALUES (352020,'IGARATA',9631);"
353740,",'",PEREIRA BARRETO,,",",25685,,"25,685","INSERT INTO public.populacao VALUES (353740,'PEREIRA BARRETO',25685);"
351320,",'",CRISTAIS PAULISTA,,",",8803,,"8,803","INSERT INTO public.populacao VALUES (351320,'CRISTAIS PAULISTA',8803);"
353140,",'",MONTE APRAZIVEL,,",",25651,,"25,651","INSERT INTO public.populacao VALUES (353140,'MONTE APRAZIVEL',25651);"
352070,",'",INDIAPORA,,",",3876,,"3,876","INSERT INTO public.populacao VALUES (352070,'INDIAPORA',3876);"
352200,",'",ITAJU,,",",3937,,"3,937","INSERT INTO public.populacao VALUES (352200,'ITAJU',3937);"
353780,",'",PIEDADE,,",",55731,,"55,731","INSERT INTO public.populacao VALUES (353780,'PIEDADE',55731);"
352190,",'",ITAJOBI,,",",15331,,"15,331","INSERT INTO public.populacao VALUES (352190,'ITAJOBI',15331);"
350335,",'",ARCO-IRIS,,",",1755,,"1,755","INSERT INTO public.populacao VALUES (350335,'ARCO-IRIS',1755);"
354880,",'",SAO CAETANO DO SUL,,",",162763,,"162,763","INSERT INTO public.populacao VALUES (354880,'SAO CAETANO DO SUL',162763);"
350610,",'",BEBEDOURO,,",",77612,,"77,612","INSERT INTO public.populacao VALUES (350610,'BEBEDOURO',77612);"
354025,",'",PONTALINDA,,",",4719,,"4,719","INSERT INTO public.populacao VALUES (354025,'PONTALINDA',4719);"
354890,",'",SAO CARLOS,,",",256915,,"256,915","INSERT INTO public.populacao VALUES (354890,'SAO CARLOS',256915);"
351810,",'",GUARANTA,,",",6685,,"6,685","INSERT INTO public.populacao VALUES (351810,'GUARANTA',6685);"
354050,",'",PORANGABA,,",",10205,,"10,205","INSERT INTO public.populacao VALUES (354050,'PORANGABA',10205);"
352370,",'",ITIRAPUA,,",",6587,,"6,587","INSERT INTO public.populacao VALUES (352370,'ITIRAPUA',6587);"
355260,",'",TABAPUA,,",",12561,,"12,561","INSERT INTO public.populacao VALUES (355260,'TABAPUA',12561);"
355240,",'",SUMARE,,",",289875,,"289,875","INSERT INTO public.populacao VALUES (355240,'SUMARE',289875);"
353050,",'",MOCOCA,,",",69072,,"69,072","INSERT INTO public.populacao VALUES (353050,'MOCOCA',69072);"
351519,",'",ESPIRITO SANTO DO TURVO,,",",4926,,"4,926","INSERT INTO public.populacao VALUES (351519,'ESPIRITO SANTO DO TURVO',4926);"
351510,",'",EMBU-GUACU,,",",70402,,"70,402","INSERT INTO public.populacao VALUES (351510,'EMBU-GUACU',70402);"
355360,",'",TAPIRATIBA,,",",12940,,"12,94","INSERT INTO public.populacao VALUES (355360,'TAPIRATIBA',12940);"
352010,",'",IGARAPAVA,,",",30791,,"30,791","INSERT INTO public.populacao VALUES (352010,'IGARAPAVA',30791);"
350315,",'",ARAPEI,,",",2452,,"2,452","INSERT INTO public.populacao VALUES (350315,'ARAPEI',2452);"
350520,",'",BARIRI,,",",35844,,"35,844","INSERT INTO public.populacao VALUES (350520,'BARIRI',35844);"
354330,",'",RIBEIRAO PIRES,,",",125238,,"125,238","INSERT INTO public.populacao VALUES (354330,'RIBEIRAO PIRES',125238);"
353370,",'",OCAUCU,,",",4294,,"4,294","INSERT INTO public.populacao VALUES (353370,'OCAUCU',4294);"
351970,",'",IBIUNA,,",",80062,,"80,062","INSERT INTO public.populacao VALUES (351970,'IBIUNA',80062);"
355090,",'",SAO SIMAO,,",",15446,,"15,446","INSERT INTO public.populacao VALUES (355090,'SAO SIMAO',15446);"
355300,",'",TAGUAI,,",",14415,,"14,415","INSERT INTO public.populacao VALUES (355300,'TAGUAI',14415);"
353660,",'",PAULO DE FARIA,,",",8973,,"8,973","INSERT INTO public.populacao VALUES (353660,'PAULO DE FARIA',8973);"
350275,",'",ARACARIGUAMA,,",",23343,,"23,343","INSERT INTO public.populacao VALUES (350275,'ARACARIGUAMA',23343);"
352215,",'",ITAOCA,,",",3332,,"3,332","INSERT INTO public.populacao VALUES (352215,'ITAOCA',3332);"
351470,",'",ECHAPORA,,",",6026,,"6,026","INSERT INTO public.populacao VALUES (351470,'ECHAPORA',6026);"
354425,",'",ROSANA,,",",15929,,"15,929","INSERT INTO public.populacao VALUES (354425,'ROSANA',15929);"
350210,",'",ANDRADINA,,",",57245,,"57,245","INSERT INTO public.populacao VALUES (350210,'ANDRADINA',57245);"
353940,",'",PIRATININGA,,",",13890,,"13,89","INSERT INTO public.populacao VALUES (353940,'PIRATININGA',13890);"
352120,",'",IPORANGA,,",",4180,,"4,18","INSERT INTO public.populacao VALUES (352120,'IPORANGA',4180);"
351000,",'",CANDIDO MOTA,,",",31410,,0,"INSERT INTO public.populacao VALUES (351000,'CANDIDO MOTA',31410);"
354760,",'",SANTA ROSA DE VITERBO,,",",26960,,"26,96","INSERT INTO public.populacao VALUES (354760,'SANTA ROSA DE VITERBO',26960);"
354400,",'",RIO DAS PEDRAS,,",",36233,,"36,233","INSERT INTO public.populacao VALUES (354400,'RIO DAS PEDRAS',36233);"
350950,",'",CAMPINAS,,",",1223237,,"1,223,237","INSERT INTO public.populacao VALUES (350950,'CAMPINAS',1223237);"
352960,",'",MERIDIANO,,",",3813,,"3,813","INSERT INTO public.populacao VALUES (352960,'MERIDIANO',3813);"
353820,",'",PINHALZINHO,,",",15564,,"15,564","INSERT INTO public.populacao VALUES (353820,'PINHALZINHO',15564);"
353750,",'",PEREIRAS,,",",8875,,"8,875","INSERT INTO public.populacao VALUES (353750,'PEREIRAS',8875);"
355140,",'",SERRA AZUL,,",",15292,,"15,292","INSERT INTO public.populacao VALUES (355140,'SERRA AZUL',15292);"
353710,",'",PEDREIRA,,",",48992,,"48,992","INSERT INTO public.populacao VALUES (353710,'PEDREIRA',48992);"
354165,",'",QUADRA,,",",3902,,"3,902","INSERT INTO public.populacao VALUES (354165,'QUADRA',3902);"
351310,",'",CRAVINHOS,,",",35858,,"35,858","INSERT INTO public.populacao VALUES (351310,'CRAVINHOS',35858);"
351820,",'",GUARARAPES,,",",33257,,"33,257","INSERT INTO public.populacao VALUES (351820,'GUARARAPES',33257);"
351270,",'",CORUMBATAI,,",",4072,,"4,072","INSERT INTO public.populacao VALUES (351270,'CORUMBATAI',4072);"
#N/A,",'",APARECIDA D OESTE,,",",4100,,"4,122",#N/A
353470,",'",OURINHOS,,",",115139,,"115,139","INSERT INTO public.populacao VALUES (353470,'OURINHOS',115139);"
353580,",'",PARANAPANEMA,,",",20588,,"20,588","INSERT INTO public.populacao VALUES (353580,'PARANAPANEMA',20588);"
350980,",'",CAMPOS NOVOS PAULISTA,,",",5028,,"5,028","INSERT INTO public.populacao VALUES (350980,'CAMPOS NOVOS PAULISTA',5028);"
354850,",'",SANTOS,,",",433991,,"433,991","INSERT INTO public.populacao VALUES (354850,'SANTOS',433991);"
355230,",'",SUD MENNUCCI,,",",7738,,"7,738","INSERT INTO public.populacao VALUES (355230,'SUD MENNUCCI',7738);"
354010,",'",PONGAI,,",",3385,,"3,385","INSERT INTO public.populacao VALUES (354010,'PONGAI',3385);"
350800,",'",BURI,,",",20050,,"20,05","INSERT INTO public.populacao VALUES (350800,'BURI',20050);"
351518,",'",ESPIRITO SANTO DO PINHAL,,",",44607,,"44,607","INSERT INTO public.populacao VALUES (351518,'ESPIRITO SANTO DO PINHAL',44607);"
354260,",'",REGISTRO,,",",56463,,"56,463","INSERT INTO public.populacao VALUES (354260,'REGISTRO',56463);"
354440,",'",RUBIACEA,,",",3195,,"3,195","INSERT INTO public.populacao VALUES (354440,'RUBIACEA',3195);"
355465,",'",TORRE DE PEDRA,,",",2432,,"2,432","INSERT INTO public.populacao VALUES (355465,'TORRE DE PEDRA',2432);"
352340,",'",ITATIBA,,",",124254,,"124,254","INSERT INTO public.populacao VALUES (352340,'ITATIBA',124254);"
351440,",'",DRACENA,,",",47287,,"47,287","INSERT INTO public.populacao VALUES (351440,'DRACENA',47287);"
353240,",'",NAZARE PAULISTA,,",",18866,,"18,866","INSERT INTO public.populacao VALUES (353240,'NAZARE PAULISTA',18866);"
353570,",'",PARAISO,,",",6536,,"6,536","INSERT INTO public.populacao VALUES (353570,'PARAISO',6536);"
350770,",'",BRAUNA,,",",5795,,"5,795","INSERT INTO public.populacao VALUES (350770,'BRAUNA',5795);"
353625,",'",PARISI,,",",2177,,"2,177","INSERT INTO public.populacao VALUES (353625,'PARISI',2177);"
352660,",'",LAVRINHAS,,",",7361,,"7,361","INSERT INTO public.populacao VALUES (352660,'LAVRINHAS',7361);"
352760,",'",LUIS ANTONIO,,",",15000,,0,"INSERT INTO public.populacao VALUES (352760,'LUIS ANTONIO',15000);"
351880,",'",GUARULHOS,,",",1404694,,"1,404,694","INSERT INTO public.populacao VALUES (351880,'GUARULHOS',1404694);"
355180,",'",SETE BARRAS,,",",12731,,"12,731","INSERT INTO public.populacao VALUES (355180,'SETE BARRAS',12731);"
352730,",'",LOUVEIRA,,",",51000,,0,"INSERT INTO public.populacao VALUES (352730,'LOUVEIRA',51000);"
355390,",'",TARABAI,,",",7609,,"7,609","INSERT INTO public.populacao VALUES (355390,'TARABAI',7609);"
355250,",'",SUZANO,,",",303397,,"303,397","INSERT INTO public.populacao VALUES (355250,'SUZANO',303397);"
353430,",'",ORLANDIA,,",",44682,,0,"INSERT INTO public.populacao VALUES (353430,'ORLANDIA',44682);"
352410,",'",ITUVERAVA,,",",42259,,"42,259","INSERT INTO public.populacao VALUES (352410,'ITUVERAVA',42259);"
353490,",'",PACAEMBU,,",",14326,,"14,326","INSERT INTO public.populacao VALUES (353490,'PACAEMBU',14326);"
353530,",'",PALMITAL,,",",22322,,"22,322","INSERT INTO public.populacao VALUES (353530,'PALMITAL',22322);"
353215,",'",NANTES,,",",3215,,"3,215","INSERT INTO public.populacao VALUES (353215,'NANTES',3215);"
352750,",'",LUCIANOPOLIS,,",",2412,,"2,412","INSERT INTO public.populacao VALUES (352750,'LUCIANOPOLIS',2412);"
354105,",'",PRATANIA,,",",5371,,0,"INSERT INTO public.populacao VALUES (354105,'PRATANIA',5371);"
355640,",'",VARGEM GRANDE DO SUL,,",",43368,,"43,368","INSERT INTO public.populacao VALUES (355640,'VARGEM GRANDE DO SUL',43368);"
353480,",'",OURO VERDE,,",",8676,,"8,676","INSERT INTO public.populacao VALUES (353480,'OURO VERDE',8676);"
353286,",'",NOVA CASTILHO,,",",1290,,"1,29","INSERT INTO public.populacao VALUES (353286,'NOVA CASTILHO',1290);"
353284,",'",NOVA CANAA PAULISTA,,",",1824,,"1,824","INSERT INTO public.populacao VALUES (353284,'NOVA CANAA PAULISTA',1824);"
355600,",'",URUPES,,",",13965,,0,"INSERT INTO public.populacao VALUES (355600,'URUPES',13965);"
351515,",'",ENGENHEIRO COELHO,,",",21712,,"21,712","INSERT INTO public.populacao VALUES (351515,'ENGENHEIRO COELHO',21712);"
350640,",'",BILAC,,",",8197,,"8,197","INSERT INTO public.populacao VALUES (350640,'BILAC',8197);"
353325,",'",NOVAIS,,",",6057,,"6,057","INSERT INTO public.populacao VALUES (353325,'NOVAIS',6057);"
353510,",'",PALMARES PAULISTA,,",",13691,,"13,691","INSERT INTO public.populacao VALUES (353510,'PALMARES PAULISTA',13691);"
352350,",'",ITATINGA,,",",21139,,"21,139","INSERT INTO public.populacao VALUES (352350,'ITATINGA',21139);"
351210,",'",COLOMBIA,,",",6200,,0,"INSERT INTO public.populacao VALUES (351210,'COLOMBIA',6200);"
350960,",'",CAMPO LIMPO PAULISTA,,",",86407,,"86,407","INSERT INTO public.populacao VALUES (350960,'CAMPO LIMPO PAULISTA',86407);"
353630,",'",PATROCINIO PAULISTA,,",",14941,,"14,941","INSERT INTO public.populacao VALUES (353630,'PATROCINIO PAULISTA',14941);"
355190,",'",SEVERINIA,,",",17820,,"17,82","INSERT INTO public.populacao VALUES (355190,'SEVERINIA',17820);"
353860,",'",PIRACAIA,,",",27617,,"27,617","INSERT INTO public.populacao VALUES (353860,'PIRACAIA',27617);"
352550,",'",JOANOPOLIS,,",",13453,,"13,453","INSERT INTO public.populacao VALUES (352550,'JOANOPOLIS',13453);"
354380,",'",RINOPOLIS,,",",9940,,"9,94","INSERT INTO public.populacao VALUES (354380,'RINOPOLIS',9940);"
355590,",'",URU,,",",1142,,"1,142","INSERT INTO public.populacao VALUES (355590,'URU',1142);"
352115,",'",IPIGUA,,",",5557,,"5,557","INSERT INTO public.populacao VALUES (352115,'IPIGUA',5557);"
355570,",'",UNIAO PAULISTA,,",",1886,,"1,886","INSERT INTO public.populacao VALUES (355570,'UNIAO PAULISTA',1886);"
355170,",'",SERTAOZINHO,,",",128432,,"128,432","INSERT INTO public.populacao VALUES (355170,'SERTAOZINHO',128432);"
351130,",'",CEDRAL,,",",9452,,"9,452","INSERT INTO public.populacao VALUES (351130,'CEDRAL',9452);"
353410,",'",ORIENTE,,",",6569,,"6,569","INSERT INTO public.populacao VALUES (353410,'ORIENTE',6569);"
353460,",'",OSVALDO CRUZ,,",",33118,,"33,118","INSERT INTO public.populacao VALUES (353460,'OSVALDO CRUZ',33118);"
355280,",'",TABOAO DA SERRA,,",",297528,,"297,528","INSERT INTO public.populacao VALUES (355280,'TABOAO DA SERRA',297528);"
355670,",'",VINHEDO,,",",81516,,"81,516","INSERT INTO public.populacao VALUES (355670,'VINHEDO',81516);"
352490,",'",JAMBEIRO,,",",6828,,"6,828","INSERT INTO public.populacao VALUES (352490,'JAMBEIRO',6828);"
355310,",'",TAIACU,,",",6346,,"6,346","INSERT INTO public.populacao VALUES (355310,'TAIACU',6346);"
350460,",'",BADY BASSITT,,",",18013,,"18,013","INSERT INTO public.populacao VALUES (350460,'BADY BASSITT',18013);"
350880,",'",CAFELANDIA,,",",17917,,0,"INSERT INTO public.populacao VALUES (350880,'CAFELANDIA',17917);"
352460,",'",JACUPIRANGA,,",",17911,,"17,911","INSERT INTO public.populacao VALUES (352460,'JACUPIRANGA',17911);"
351370,",'",DESCALVADO,,",",34097,,"34,097","INSERT INTO public.populacao VALUES (351370,'DESCALVADO',34097);"
350055,",'",AGUAS DE SANTA BARBARA,,",",6142,,"6,142","INSERT INTO public.populacao VALUES (350055,'AGUAS DE SANTA BARBARA',6142);"
353280,",'",NOVA ALIANCA,,",",7161,,"7,161","INSERT INTO public.populacao VALUES (353280,'NOVA ALIANCA',7161);"
#N/A,",'",PALMEIRA D OESTE,,",",9000,,"9,173",#N/A
354360,",'",RIFAINA,,",",3651,,"3,651","INSERT INTO public.populacao VALUES (354360,'RIFAINA',3651);"
352570,",'",JOSE BONIFACIO,,",",37707,,"37,707","INSERT INTO public.populacao VALUES (352570,'JOSE BONIFACIO',37707);"
351690,",'",GENERAL SALGADO,,",",10855,,"10,855","INSERT INTO public.populacao VALUES (351690,'GENERAL SALGADO',10855);"
351280,",'",COSMOPOLIS,,",",74662,,"74,662","INSERT INTO public.populacao VALUES (351280,'COSMOPOLIS',74662);"
350240,",'",ANHUMAS,,",",4172,,"4,172","INSERT INTO public.populacao VALUES (350240,'ANHUMAS',4172);"
351460,",'",DUMONT,,",",10174,,"10,174","INSERT INTO public.populacao VALUES (351460,'DUMONT',10174);"
355715,",'",ZACARIAS,,",",2784,,"2,784","INSERT INTO public.populacao VALUES (355715,'ZACARIAS',2784);"
350990,",'",CANANEIA,,",",12542,,"12,542","INSERT INTO public.populacao VALUES (350990,'CANANEIA',12542);"
350320,",'",ARARAQUARA,,",",240542,,"240,542","INSERT INTO public.populacao VALUES (350320,'ARARAQUARA',240542);"
353400,",'",ONDA VERDE,,",",4462,,"4,462","INSERT INTO public.populacao VALUES (353400,'ONDA VERDE',4462);"
354080,",'",POTIRENDABA,,",",17668,,"17,668","INSERT INTO public.populacao VALUES (354080,'POTIRENDABA',17668);"
352160,",'",IRAPURU,,",",8356,,"8,356","INSERT INTO public.populacao VALUES (352160,'IRAPURU',8356);"
350050,",'",AGUAS DE LINDOIA,,",",18908,,"18,908","INSERT INTO public.populacao VALUES (350050,'AGUAS DE LINDOIA',18908);"
354520,",'",SALTO,,",",120779,,"120,779","INSERT INTO public.populacao VALUES (354520,'SALTO',120779);"
350370,",'",ARIRANHA,,",",9851,,"9,851","INSERT INTO public.populacao VALUES (350370,'ARIRANHA',9851);"
351860,",'",GUARIBA,,",",40857,,"40,857","INSERT INTO public.populacao VALUES (351860,'GUARIBA',40857);"
351030,",'",CAPELA DO ALTO,,",",21257,,"21,257","INSERT INTO public.populacao VALUES (351030,'CAPELA DO ALTO',21257);"
355660,",'",VERA CRUZ,,",",10804,,"10,804","INSERT INTO public.populacao VALUES (355660,'VERA CRUZ',10804);"
350775,",'",BREJO ALEGRE,,",",2911,,"2,911","INSERT INTO public.populacao VALUES (350775,'BREJO ALEGRE',2911);"
355530,",'",TURMALINA,,",",1667,,"1,667","INSERT INTO public.populacao VALUES (355530,'TURMALINA',1667);"
355580,",'",URANIA,,",",9125,,0,"INSERT INTO public.populacao VALUES (355580,'URANIA',9125);"
352320,",'",ITARARE,,",",50778,,"50,778","INSERT INTO public.populacao VALUES (352320,'ITARARE',50778);"
354060,",'",PORTO FELIZ,,",",53698,,"53,698","INSERT INTO public.populacao VALUES (354060,'PORTO FELIZ',53698);"
352450,",'",JACI,,",",7322,,"7,322","INSERT INTO public.populacao VALUES (352450,'JACI',7322);"
354925,",'",SAO JOAO DE IRACEMA,,",",1942,,"1,942","INSERT INTO public.populacao VALUES (354925,'SAO JOAO DE IRACEMA',1942);"
353180,",'",MONTE MOR,,",",61707,,"61,707","INSERT INTO public.populacao VALUES (353180,'MONTE MOR',61707);"
355040,",'",SAO PEDRO,,",",36298,,"36,298","INSERT INTO public.populacao VALUES (355040,'SAO PEDRO',36298);"
352180,",'",ITAI,,",",27632,,"27,632","INSERT INTO public.populacao VALUES (352180,'ITAI',27632);"
351250,",'",COROADOS,,",",6197,,"6,197","INSERT INTO public.populacao VALUES (351250,'COROADOS',6197);"
350270,",'",APIAI,,",",24081,,"24,081","INSERT INTO public.populacao VALUES (350270,'APIAI',24081);"
355080,",'",SAO SEBASTIAO DA GRAMA,,",",12137,,"12,137","INSERT INTO public.populacao VALUES (355080,'SAO SEBASTIAO DA GRAMA',12137);"
350600,",'",BAURU,,",",381706,,"381,706","INSERT INTO public.populacao VALUES (350600,'BAURU',381706);"
352725,",'",LOURDES,,",",2311,,"2,311","INSERT INTO public.populacao VALUES (352725,'LOURDES',2311);"
351020,",'",CAPAO BONITO,,",",47098,,"47,098","INSERT INTO public.populacao VALUES (351020,'CAPAO BONITO',47098);"
352710,",'",LINS,,",",78978,,"78,978","INSERT INTO public.populacao VALUES (352710,'LINS',78978);"
353590,",'",PARANAPUA,,",",4112,,"4,112","INSERT INTO public.populacao VALUES (353590,'PARANAPUA',4112);"
351590,",'",FLOREAL,,",",2884,,"2,884","INSERT INTO public.populacao VALUES (351590,'FLOREAL',2884);"
352670,",'",LEME,,",",105273,,"105,273","INSERT INTO public.populacao VALUES (352670,'LEME',105273);"
352040,",'",ILHABELA,,",",36194,,"36,194","INSERT INTO public.populacao VALUES (352040,'ILHABELA',36194);"
351730,",'",GUAIMBE,,",",5806,,0,"INSERT INTO public.populacao VALUES (351730,'GUAIMBE',5806);"
354730,",'",SANTANA DE PARNAIBA,,",",145073,,"145,073","INSERT INTO public.populacao VALUES (354730,'SANTANA DE PARNAIBA',145073);"
350810,",'",BURITAMA,,",",17414,,"17,414","INSERT INTO public.populacao VALUES (350810,'BURITAMA',17414);"
355410,",'",TAUBATE,,",",320820,,"320,82","INSERT INTO public.populacao VALUES (355410,'TAUBATE',320820);"
352990,",'",MIRACATU,,",",19511,,"19,511","INSERT INTO public.populacao VALUES (352990,'MIRACATU',19511);"
#N/A,",'",SANTA CLARA D OESTE,,",",2000,,"2,111",#N/A
351290,",'",COSMORAMA,,",",7289,,"7,289","INSERT INTO public.populacao VALUES (351290,'COSMORAMA',7289);"
354995,",'",SAO LOURENCO DA SERRA,,",",16127,,"16,127","INSERT INTO public.populacao VALUES (354995,'SAO LOURENCO DA SERRA',16127);"
354323,",'",RIBEIRAO DOS INDIOS,,",",2222,,"2,222","INSERT INTO public.populacao VALUES (354323,'RIBEIRAO DOS INDIOS',2222);"
355500,",'",TUPA,,",",65615,,"65,615","INSERT INTO public.populacao VALUES (355500,'TUPA',65615);"
350535,",'",BARRA DO CHAPEU,,",",5794,,"5,794","INSERT INTO public.populacao VALUES (350535,'BARRA DO CHAPEU',5794);"
353970,",'",PLATINA,,",",3606,,"3,606","INSERT INTO public.populacao VALUES (353970,'PLATINA',3606);"
353282,",'",NOVA CAMPINA,,",",9962,,"9,962","INSERT INTO public.populacao VALUES (353282,'NOVA CAMPINA',9962);"
352600,",'",JUNQUEIROPOLIS,,",",20978,,"20,978","INSERT INTO public.populacao VALUES (352600,'JUNQUEIROPOLIS',20978);"
350650,",'",BIRIGUI,,",",126094,,"126,094","INSERT INTO public.populacao VALUES (350650,'BIRIGUI',126094);"
352860,",'",MANDURI,,",",9972,,"9,972","INSERT INTO public.populacao VALUES (352860,'MANDURI',9972);"
352210,",'",ITANHAEM,,",",104351,,"104,351","INSERT INTO public.populacao VALUES (352210,'ITANHAEM',104351);"
354370,",'",RINCAO,,",",10824,,"10,824","INSERT INTO public.populacao VALUES (354370,'RINCAO',10824);"
350840,",'",CABREUVA,,",",51130,,"51,13","INSERT INTO public.populacao VALUES (350840,'CABREUVA',51130);"
354630,",'",SANTA CRUZ DAS PALMEIRAS,,",",35102,,"35,102","INSERT INTO public.populacao VALUES (354630,'SANTA CRUZ DAS PALMEIRAS',35102);"
354800,",'",SANTO ANTONIO DE POSSE,,",",23000,,0,"INSERT INTO public.populacao VALUES (354800,'SANTO ANTONIO DE POSSE',23000);"
353810,",'",PINDORAMA,,",",17378,,"17,378","INSERT INTO public.populacao VALUES (353810,'PINDORAMA',17378);"
352480,",'",JALES,,",",49291,,"49,291","INSERT INTO public.populacao VALUES (352480,'JALES',49291);"
351780,",'",GUARACAI,,",",8258,,"8,258","INSERT INTO public.populacao VALUES (351780,'GUARACAI',8258);"
352170,",'",ITABERA,,",",17405,,"17,405","INSERT INTO public.populacao VALUES (352170,'ITABERA',17405);"
353310,",'",NOVA GUATAPORANGA,,",",2333,,"2,333","INSERT INTO public.populacao VALUES (353310,'NOVA GUATAPORANGA',2333);"
354100,",'",PRAIA GRANDE,,",",336454,,"336,454","INSERT INTO public.populacao VALUES (354100,'PRAIA GRANDE',336454);"
353000,",'",MIRA ESTRELA,,",",3125,,"3,125","INSERT INTO public.populacao VALUES (353000,'MIRA ESTRELA',3125);"
355470,",'",TORRINHA,,",",10100,,"10,1","INSERT INTO public.populacao VALUES (355470,'TORRINHA',10100);"
354300,",'",RIBEIRAO BRANCO,,",",15984,,"15,984","INSERT INTO public.populacao VALUES (354300,'RIBEIRAO BRANCO',15984);"
351600,",'",FLORIDA PAULISTA,,",",14936,,"14,936","INSERT INTO public.populacao VALUES (351600,'FLORIDA PAULISTA',14936);"
350060,",'",AGUAS DE SAO PEDRO,,",",3588,,"3,588","INSERT INTO public.populacao VALUES (350060,'AGUAS DE SAO PEDRO',3588);"
353260,",'",NHANDEARA,,",",11575,,"11,575","INSERT INTO public.populacao VALUES (353260,'NHANDEARA',11575);"
354180,",'",QUEIROZ,,",",3513,,"3,513","INSERT INTO public.populacao VALUES (354180,'QUEIROZ',3513);"
351620,",'",FRANCA,,",",358539,,"358,539","INSERT INTO public.populacao VALUES (351620,'FRANCA',358539);"
351670,",'",GARCA,,",",44429,,"44,429","INSERT INTO public.populacao VALUES (351670,'GARCA',44429);"
355330,",'",TAMBAU,,",",23255,,"23,255","INSERT INTO public.populacao VALUES (355330,'TAMBAU',23255);"
352790,",'",LUTECIA,,",",2623,,"2,623","INSERT INTO public.populacao VALUES (352790,'LUTECIA',2623);"
350830,",'",CABRALIA PAULISTA,,",",4222,,"4,222","INSERT INTO public.populacao VALUES (350830,'CABRALIA PAULISTA',4222);"
354920,",'",SAO JOAO DAS DUAS PONTES,,",",2555,,"2,555","INSERT INTO public.populacao VALUES (354920,'SAO JOAO DAS DUAS PONTES',2555);"
352000,",'",IGARACU DO TIETE,,",",24821,,0,"INSERT INTO public.populacao VALUES (352000,'IGARACU DO TIETE',24821);"
352540,",'",JERIQUARA,,",",3143,,"3,143","INSERT INTO public.populacao VALUES (352540,'JERIQUARA',3143);"
355220,",'",SOROCABA,,",",695328,,"695,328","INSERT INTO public.populacao VALUES (355220,'SOROCABA',695328);"
351910,",'",IACANGA,,",",12002,,"12,002","INSERT INTO public.populacao VALUES (351910,'IACANGA',12002);"
353680,",'",PEDRA BELA,,",",6127,,"6,127","INSERT INTO public.populacao VALUES (353680,'PEDRA BELA',6127);"
355340,",'",TANABI,,",",26231,,"26,231","INSERT INTO public.populacao VALUES (355340,'TANABI',26231);"
351930,",'",IBATE,,",",35830,,"35,83","INSERT INTO public.populacao VALUES (351930,'IBATE',35830);"
354200,",'",QUINTANA,,",",6736,,"6,736","INSERT INTO public.populacao VALUES (354200,'QUINTANA',6736);"
350220,",'",ANGATUBA,,",",25724,,"25,724","INSERT INTO public.populacao VALUES (350220,'ANGATUBA',25724);"
352470,",'",JAGUARIUNA,,",",59921,,"59,921","INSERT INTO public.populacao VALUES (352470,'JAGUARIUNA',59921);"
351850,",'",GUAREI,,",",19244,,"19,244","INSERT INTO public.populacao VALUES (351850,'GUAREI',19244);"
352042,",'",ILHA COMPRIDA,,",",11552,,"11,552","INSERT INTO public.populacao VALUES (352042,'ILHA COMPRIDA',11552);"
353360,",'",NUPORANGA,,",",7522,,"7,522","INSERT INTO public.populacao VALUES (353360,'NUPORANGA',7522);"
351660,",'",GALIA,,",",6419,,"6,419","INSERT INTO public.populacao VALUES (351660,'GALIA',6419);"
353670,",'",PEDERNEIRAS,,",",47523,,"47,523","INSERT INTO public.populacao VALUES (353670,'PEDERNEIRAS',47523);"
354270,",'",RESTINGA,,",",7762,,"7,762","INSERT INTO public.populacao VALUES (354270,'RESTINGA',7762);"
350300,",'",ARAMINA,,",",5689,,"5,689","INSERT INTO public.populacao VALUES (350300,'ARAMINA',5689);"
350030,",'",AGUAI,,",",36981,,"36,981","INSERT INTO public.populacao VALUES (350030,'AGUAI',36981);"
350290,",'",ARACOIABA DA SERRA,,",",35389,,"35,389","INSERT INTO public.populacao VALUES (350290,'ARACOIABA DA SERRA',35389);"
350930,",'",CAJOBI,,",",10649,,"10,649","INSERT INTO public.populacao VALUES (350930,'CAJOBI',10649);"
353070,",'",MOGI GUACU,,",",154146,,"154,146","INSERT INTO public.populacao VALUES (353070,'MOGI GUACU',154146);"
350745,",'",BOREBI,,",",2713,,"2,713","INSERT INTO public.populacao VALUES (350745,'BOREBI',2713);"
350570,",'",BARUERI,,",",279704,,"279,704","INSERT INTO public.populacao VALUES (350570,'BARUERI',279704);"
354870,",'",SAO BERNARDO DO CAMPO,,",",849874,,"849,874","INSERT INTO public.populacao VALUES (354870,'SAO BERNARDO DO CAMPO',849874);"
352610,",'",JUQUIA,,",",18627,,"18,627","INSERT INTO public.populacao VALUES (352610,'JUQUIA',18627);"
350170,",'",AMERICO BRASILIENSE,,",",41545,,"41,545","INSERT INTO public.populacao VALUES (350170,'AMERICO BRASILIENSE',41545);"
355420,",'",TEJUPA,,",",4452,,"4,452","INSERT INTO public.populacao VALUES (355420,'TEJUPA',4452);"
353230,",'",NATIVIDADE DA SERRA,,",",6624,,"6,624","INSERT INTO public.populacao VALUES (353230,'NATIVIDADE DA SERRA',6624);"
352290,",'",ITAPUI,,",",14297,,"14,297","INSERT INTO public.populacao VALUES (352290,'ITAPUI',14297);"
350550,",'",BARRETOS,,",",123546,,"123,546","INSERT INTO public.populacao VALUES (350550,'BARRETOS',123546);"
353600,",'",PARAPUA,,",",10934,,"10,934","INSERT INTO public.populacao VALUES (353600,'PARAPUA',10934);"
351500,",'",EMBU DAS ARTES,,",",279264,,"279,264","INSERT INTO public.populacao VALUES (351500,'EMBU DAS ARTES',279264);"
355030,",'",SAO PAULO,,",",12396372,,"12,396,372","INSERT INTO public.populacao VALUES (355030,'SAO PAULO',12396372);"
352620,",'",JUQUITIBA,,",",31844,,"31,844","INSERT INTO public.populacao VALUES (352620,'JUQUITIBA',31844);"
352530,",'",JAU,,",",153463,,"153,463","INSERT INTO public.populacao VALUES (352530,'JAU',153463);"
351530,",'",ESTRELA DO NORTE,,",",2774,,"2,774","INSERT INTO public.populacao VALUES (351530,'ESTRELA DO NORTE',2774);"
351080,",'",CASA BRANCA,,",",30655,,"30,655","INSERT INTO public.populacao VALUES (351080,'CASA BRANCA',30655);"
354710,",'",SANTA MERCEDES,,",",2947,,"2,947","INSERT INTO public.populacao VALUES (354710,'SANTA MERCEDES',2947);"
355610,",'",VALENTIM GENTIL,,",",13732,,"13,732","INSERT INTO public.populacao VALUES (355610,'VALENTIM GENTIL',13732);"
353540,",'",PANORAMA,,",",15944,,"15,944","INSERT INTO public.populacao VALUES (353540,'PANORAMA',15944);"
353475,",'",OUROESTE,,",",10712,,"10,712","INSERT INTO public.populacao VALUES (353475,'OUROESTE',10712);"
354480,",'",SALES,,",",6481,,"6,481","INSERT INTO public.populacao VALUES (354480,'SALES',6481);"
350940,",'",CAJURU,,",",26613,,"26,613","INSERT INTO public.populacao VALUES (350940,'CAJURU',26613);"
350530,",'",BARRA BONITA,,",",36125,,"36,125","INSERT INTO public.populacao VALUES (350530,'BARRA BONITA',36125);"
350180,",'",AMERICO DE CAMPOS,,",",5993,,"5,993","INSERT INTO public.populacao VALUES (350180,'AMERICO DE CAMPOS',5993);"
#N/A,",'",SANTA RITA D OESTE,,",",2400,,"2,476",#N/A
353250,",'",NEVES PAULISTA,,",",8917,,"8,917","INSERT INTO public.populacao VALUES (353250,'NEVES PAULISTA',8917);"
350140,",'",ALVARO DE CARVALHO,,",",5320,,"5,32","INSERT INTO public.populacao VALUES (350140,'ALVARO DE CARVALHO',5320);"
355510,",'",TUPI PAULISTA,,",",15670,,"15,67","INSERT INTO public.populacao VALUES (355510,'TUPI PAULISTA',15670);"
354940,",'",SAO JOAQUIM DA BARRA,,",",52737,,"52,737","INSERT INTO public.populacao VALUES (354940,'SAO JOAQUIM DA BARRA',52737);"
353030,",'",MIRASSOL,,",",60768,,"60,768","INSERT INTO public.populacao VALUES (353030,'MIRASSOL',60768);"
353450,",'",OSCAR BRESSANE,,",",2603,,"2,603","INSERT INTO public.populacao VALUES (353450,'OSCAR BRESSANE',2603);"
355645,",'",VARGEM GRANDE PAULISTA,,",",54315,,"54,315","INSERT INTO public.populacao VALUES (355645,'VARGEM GRANDE PAULISTA',54315);"
355395,",'",TARUMA,,",",15361,,"15,361","INSERT INTO public.populacao VALUES (355395,'TARUMA',15361);"
354680,",'",SANTA ISABEL,,",",58529,,"58,529","INSERT INTO public.populacao VALUES (354680,'SANTA ISABEL',58529);"
354970,",'",SAO JOSE DO RIO PARDO,,",",55298,,"55,298","INSERT INTO public.populacao VALUES (354970,'SAO JOSE DO RIO PARDO',55298);"
350920,",'",CAJAMAR,,",",79034,,"79,034","INSERT INTO public.populacao VALUES (350920,'CAJAMAR',79034);"
351680,",'",GASTAO VIDIGAL,,",",4911,,"4,911","INSERT INTO public.populacao VALUES (351680,'GASTAO VIDIGAL',4911);"
354620,",'",SANTA CRUZ DA CONCEICAO,,",",4584,,"4,584","INSERT INTO public.populacao VALUES (354620,'SANTA CRUZ DA CONCEICAO',4584);"
352830,",'",MAGDA,,",",3086,,"3,086","INSERT INTO public.populacao VALUES (352830,'MAGDA',3086);"
350560,",'",BARRINHA,,",",33537,,"33,537","INSERT INTO public.populacao VALUES (350560,'BARRINHA',33537);"
350010,",'",ADAMANTINA,,",",35153,,"35,153","INSERT INTO public.populacao VALUES (350010,'ADAMANTINA',35153);"
350130,",'",ALVARES MACHADO,,",",25078,,"25,078","INSERT INTO public.populacao VALUES (350130,'ALVARES MACHADO',25078);"
354670,",'",SANTA GERTRUDES,,",",27850,,"27,85","INSERT INTO public.populacao VALUES (354670,'SANTA GERTRUDES',27850);"
355650,",'",VARZEA PAULISTA,,",",124269,,"124,269","INSERT INTO public.populacao VALUES (355650,'VARZEA PAULISTA',124269);"
352910,",'",MARINOPOLIS,,",",2101,,"2,101","INSERT INTO public.populacao VALUES (352910,'MARINOPOLIS',2101);"
352900,",'",MARILIA,,",",242249,,"242,249","INSERT INTO public.populacao VALUES (352900,'MARILIA',242249);"
351450,",'",DUARTINA,,",",12421,,"12,421","INSERT INTO public.populacao VALUES (351450,'DUARTINA',12421);"
351492,",'",ELISIARIO,,",",3742,,"3,742","INSERT INTO public.populacao VALUES (351492,'ELISIARIO',3742);"
350500,",'",BARAO DE ANTONINA,,",",3525,,"3,525","INSERT INTO public.populacao VALUES (350500,'BARAO DE ANTONINA',3525);"
350510,",'",BARBOSA,,",",7532,,"7,532","INSERT INTO public.populacao VALUES (350510,'BARBOSA',7532);"
352230,",'",ITAPETININGA,,",",167106,,"167,106","INSERT INTO public.populacao VALUES (352230,'ITAPETININGA',167106);"
355210,",'",SOCORRO,,",",41690,,"41,69","INSERT INTO public.populacao VALUES (355210,'SOCORRO',41690);"
350660,",'",BIRITIBA-MIRIM,,",",33000,,0,"INSERT INTO public.populacao VALUES (350660,'BIRITIBA-MIRIM',33000);"
355450,",'",TIETE,,",",42946,,0,"INSERT INTO public.populacao VALUES (355450,'TIETE',42946);"
354340,",'",RIBEIRAO PRETO,,",",720116,,"720,116","INSERT INTO public.populacao VALUES (354340,'RIBEIRAO PRETO',720116);"
354690,",'",SANTA LUCIA,,",",8889,,"8,889","INSERT INTO public.populacao VALUES (354690,'SANTA LUCIA',8889);"
351610,",'",FLORINIA,,",",3000,,0,"INSERT INTO public.populacao VALUES (351610,'FLORINIA',3000);"
352260,",'",ITAPIRA,,",",75683,,"75,683","INSERT INTO public.populacao VALUES (352260,'ITAPIRA',75683);"
351512,",'",EMILIANOPOLIS,,",",3238,,"3,238","INSERT INTO public.populacao VALUES (351512,'EMILIANOPOLIS',3238);"
354230,",'",REDENCAO DA SERRA,,",",3827,,"3,827","INSERT INTO public.populacao VALUES (354230,'REDENCAO DA SERRA',3827);"
354120,",'",PRESIDENTE BERNARDES,,",",12943,,"12,943","INSERT INTO public.populacao VALUES (354120,'PRESIDENTE BERNARDES',12943);"
350110,",'",ALTO ALEGRE,,",",4078,,"4,078","INSERT INTO public.populacao VALUES (350110,'ALTO ALEGRE',4078);"
350075,",'",ALAMBARI,,",",6231,,"6,231","INSERT INTO public.populacao VALUES (350075,'ALAMBARI',6231);"
352430,",'",JABOTICABAL,,",",78029,,"78,029","INSERT INTO public.populacao VALUES (352430,'JABOTICABAL',78029);"
355535,",'",UBARANA,,",",6488,,"6,488","INSERT INTO public.populacao VALUES (355535,'UBARANA',6488);"
350310,",'",ARANDU,,",",6373,,"6,373","INSERT INTO public.populacao VALUES (350310,'ARANDU',6373);"
353110,",'",MONGAGUA,,",",58567,,"58,567","INSERT INTO public.populacao VALUES (353110,'MONGAGUA',58567);"
352630,",'",LAGOINHA,,",",4882,,"4,882","INSERT INTO public.populacao VALUES (352630,'LAGOINHA',4882);"
355365,",'",TAQUARAL,,",",2815,,"2,815","INSERT INTO public.populacao VALUES (355365,'TAQUARAL',2815);"
354390,",'",RIO CLARO,,",",209548,,"209,548","INSERT INTO public.populacao VALUES (354390,'RIO CLARO',209548);"
353720,",'",PEDRO DE TOLEDO,,",",11507,,"11,507","INSERT INTO public.populacao VALUES (353720,'PEDRO DE TOLEDO',11507);"
354110,",'",PRESIDENTE ALVES,,",",4067,,"4,067","INSERT INTO public.populacao VALUES (354110,'PRESIDENTE ALVES',4067);"
352680,",'",LENCOIS PAULISTA,,",",69533,,"69,533","INSERT INTO public.populacao VALUES (352680,'LENCOIS PAULISTA',69533);"
351430,",'",DOURADO,,",",8883,,"8,883","INSERT INTO public.populacao VALUES (351430,'DOURADO',8883);"
355020,",'",SAO MIGUEL ARCANJO,,",",33071,,"33,071","INSERT INTO public.populacao VALUES (355020,'SAO MIGUEL ARCANJO',33071);"
353080,",'",MOGI MIRIM,,",",94098,,0,"INSERT INTO public.populacao VALUES (353080,'MOGI MIRIM',94098);"
355620,",'",VALINHOS,,",",133169,,"133,169","INSERT INTO public.populacao VALUES (355620,'VALINHOS',133169);"
353300,",'",NOVA GRANADA,,",",21871,,"21,871","INSERT INTO public.populacao VALUES (353300,'NOVA GRANADA',21871);"
355200,",'",SILVEIRAS,,",",6375,,"6,375","INSERT INTO public.populacao VALUES (355200,'SILVEIRAS',6375);"
350160,",'",AMERICANA,,",",244370,,"244,37","INSERT INTO public.populacao VALUES (350160,'AMERICANA',244370);"
355490,",'",TRES FRONTEIRAS,,",",5856,,0,"INSERT INTO public.populacao VALUES (355490,'TRES FRONTEIRAS',5856);"
354780,",'",SANTO ANDRE,,",",723889,,"723,889","INSERT INTO public.populacao VALUES (354780,'SANTO ANDRE',723889);"
355475,",'",TRABIJU,,",",1752,,"1,752","INSERT INTO public.populacao VALUES (355475,'TRABIJU',1752);"
350970,",'",CAMPOS DO JORDAO,,",",52713,,"52,713","INSERT INTO public.populacao VALUES (350970,'CAMPOS DO JORDAO',52713);"
354130,",'",PRESIDENTE EPITACIO,,",",44572,,"44,572","INSERT INTO public.populacao VALUES (354130,'PRESIDENTE EPITACIO',44572);"
355400,",'",TATUI,,",",124134,,"124,134","INSERT INTO public.populacao VALUES (355400,'TATUI',124134);"
355710,",'",VOTUPORANGA,,",",96106,,"96,106","INSERT INTO public.populacao VALUES (355710,'VOTUPORANGA',96106);"
352030,",'",IGUAPE,,",",31117,,"31,117","INSERT INTO public.populacao VALUES (352030,'IGUAPE',31117);"
352420,",'",JABORANDI,,",",6963,,"6,963","INSERT INTO public.populacao VALUES (352420,'JABORANDI',6963);"
353770,",'",PIACATU,,",",6093,,"6,093","INSERT INTO public.populacao VALUES (353770,'PIACATU',6093);"
350700,",'",BOITUVA,,",",63310,,"63,31","INSERT INTO public.populacao VALUES (350700,'BOITUVA',63310);"
352330,",'",ITARIRI,,",",17754,,"17,754","INSERT INTO public.populacao VALUES (352330,'ITARIRI',17754);"
350630,",'",BERNARDINO DE CAMPOS,,",",11168,,"11,168","INSERT INTO public.populacao VALUES (350630,'BERNARDINO DE CAMPOS',11168);"
355010,",'",SAO MANUEL,,",",41287,,"41,287","INSERT INTO public.populacao VALUES (355010,'SAO MANUEL',41287);"
351770,",'",GUARA,,",",21394,,"21,394","INSERT INTO public.populacao VALUES (351770,'GUARA',21394);"
350945,",'",CAMPINA DO MONTE ALEGRE,,",",6088,,"6,088","INSERT INTO public.populacao VALUES (350945,'CAMPINA DO MONTE ALEGRE',6088);"
353120,",'",MONTE ALEGRE DO SUL,,",",8181,,"8,181","INSERT INTO public.populacao VALUES (353120,'MONTE ALEGRE DO SUL',8181);"
352510,",'",JARDINOPOLIS,,",",45544,,"45,544","INSERT INTO public.populacao VALUES (352510,'JARDINOPOLIS',45544);"
354140,",'",PRESIDENTE PRUDENTE,,",",231953,,"231,953","INSERT INTO public.populacao VALUES (354140,'PRESIDENTE PRUDENTE',231953);"
353170,",'",MONTEIRO LOBATO,,",",4739,,"4,739","INSERT INTO public.populacao VALUES (353170,'MONTEIRO LOBATO',4739);"
354820,",'",SANTO ANTONIO DO PINHAL,,",",6500,,0,"INSERT INTO public.populacao VALUES (354820,'SANTO ANTONIO DO PINHAL',6500);"
353610,",'",PARDINHO,,",",6579,,"6,579","INSERT INTO public.populacao VALUES (353610,'PARDINHO',6579);"
351685,",'",GAVIAO PEIXOTO,,",",4841,,"4,841","INSERT INTO public.populacao VALUES (351685,'GAVIAO PEIXOTO',4841);"
353790,",'",PILAR DO SUL,,",",29612,,"29,612","INSERT INTO public.populacao VALUES (353790,'PILAR DO SUL',29612);"
353910,",'",PIRAPORA DO BOM JESUS,,",",19453,,"19,453","INSERT INTO public.populacao VALUES (353910,'PIRAPORA DO BOM JESUS',19453);"
354840,",'",SANTOPOLIS DO AGUAPEI,,",",4856,,"4,856","INSERT INTO public.populacao VALUES (354840,'SANTOPOLIS DO AGUAPEI',4856);"
351890,",'",GUZOLANDIA,,",",5346,,0,"INSERT INTO public.populacao VALUES (351890,'GUZOLANDIA',5346);"
351015,",'",CANITAR,,",",5365,,"5,365","INSERT INTO public.populacao VALUES (351015,'CANITAR',5365);"
354910,",'",SAO JOAO DA BOA VISTA,,",",92315,,"92,315","INSERT INTO public.populacao VALUES (354910,'SAO JOAO DA BOA VISTA',92315);"
352885,",'",MARAPOAMA,,",",3097,,"3,097","INSERT INTO public.populacao VALUES (352885,'MARAPOAMA',3097);"
350890,",'",CAIABU,,",",4195,,"4,195","INSERT INTO public.populacao VALUES (350890,'CAIABU',4195);"
351830,",'",GUARAREMA,,",",30465,,"30,465","INSERT INTO public.populacao VALUES (351830,'GUARAREMA',30465);"
350380,",'",ARTUR NOGUEIRA,,",",56247,,"56,247","INSERT INTO public.populacao VALUES (350380,'ARTUR NOGUEIRA',56247);"
351040,",'",CAPIVARI,,",",56973,,"56,973","INSERT INTO public.populacao VALUES (351040,'CAPIVARI',56973);"
351760,",'",GUAPIARA,,",",16896,,"16,896","INSERT INTO public.populacao VALUES (351760,'GUAPIARA',16896);"
350070,",'",AGUDOS,,",",37582,,"37,582","INSERT INTO public.populacao VALUES (350070,'AGUDOS',37582);"
355560,",'",UCHOA,,",",10191,,"10,191","INSERT INTO public.populacao VALUES (355560,'UCHOA',10191);"
354550,",'",SANDOVALINA,,",",4405,,"4,405","INSERT INTO public.populacao VALUES (354550,'SANDOVALINA',4405);"
354410,",'",RIO GRANDE DA SERRA,,",",52009,,"52,009","INSERT INTO public.populacao VALUES (354410,'RIO GRANDE DA SERRA',52009);"
352640,",'",LARANJAL PAULISTA,,",",29047,,"29,047","INSERT INTO public.populacao VALUES (352640,'LARANJAL PAULISTA',29047);"
355440,",'",TERRA ROXA,,",",9502,,"9,502","INSERT INTO public.populacao VALUES (355440,'TERRA ROXA',9502);"
352140,",'",IRACEMAPOLIS,,",",24982,,"24,982","INSERT INTO public.populacao VALUES (352140,'IRACEMAPOLIS',24982);"
#N/A,",'",GUARANI D OESTE,,",",2000,,"1,996",#N/A
354160,",'",PROMISSAO,,",",41211,,"41,211","INSERT INTO public.populacao VALUES (354160,'PROMISSAO',41211);"
353870,",'",PIRACICABA,,",",410275,,"410,275","INSERT INTO public.populacao VALUES (353870,'PIRACICABA',410275);"
350720,",'",BORA,,",",839,,839,"INSERT INTO public.populacao VALUES (350720,'BORA',839);"
353130,",'",MONTE ALTO,,",",51039,,"51,039","INSERT INTO public.populacao VALUES (353130,'MONTE ALTO',51039);"
354570,",'",SANTA ALBERTINA,,",",6036,,"6,036","INSERT INTO public.populacao VALUES (354570,'SANTA ALBERTINA',6036);"
354770,",'",SANTO ANASTACIO,,",",20855,,"20,855","INSERT INTO public.populacao VALUES (354770,'SANTO ANASTACIO',20855);"
351540,",'",FARTURA,,",",16102,,"16,102","INSERT INTO public.populacao VALUES (351540,'FARTURA',16102);"
355695,",'",VITORIA BRASIL,,",",1852,,"1,852","INSERT INTO public.populacao VALUES (355695,'VITORIA BRASIL',1852);"
350995,",'",CANAS,,",",5268,,"5,268","INSERT INTO public.populacao VALUES (350995,'CANAS',5268);"
353020,",'",MIRANTE DO PARANAPANEMA,,",",18415,,"18,415","INSERT INTO public.populacao VALUES (353020,'MIRANTE DO PARANAPANEMA',18415);"
350390,",'",ARUJA,,",",92453,,"92,453","INSERT INTO public.populacao VALUES (350390,'ARUJA',92453);"
354950,",'",SAO JOSE DA BELA VISTA,,",",8991,,"8,991","INSERT INTO public.populacao VALUES (354950,'SAO JOSE DA BELA VISTA',8991);"
355160,",'",SERRA NEGRA,,",",29669,,"29,669","INSERT INTO public.populacao VALUES (355160,'SERRA NEGRA',29669);"
355380,",'",TAQUARITUBA,,",",23292,,"23,292","INSERT INTO public.populacao VALUES (355380,'TAQUARITUBA',23292);"
354860,",'",SAO BENTO DO SAPUCAI,,",",10907,,"10,907","INSERT INTO public.populacao VALUES (354860,'SAO BENTO DO SAPUCAI',10907);"
353657,",'",PAULISTANIA,,",",1835,,0,"INSERT INTO public.populacao VALUES (353657,'PAULISTANIA',1835);"
352870,",'",MARABA PAULISTA,,",",6039,,"6,039","INSERT INTO public.populacao VALUES (352870,'MARABA PAULISTA',6039);"
352650,",'",LAVINIA,,",",12581,,"12,581","INSERT INTO public.populacao VALUES (352650,'LAVINIA',12581);"
352840,",'",MAIRINQUE,,",",47723,,"47,723","INSERT INTO public.populacao VALUES (352840,'MAIRINQUE',47723);"
352360,",'",ITIRAPINA,,",",18610,,"18,61","INSERT INTO public.populacao VALUES (352360,'ITIRAPINA',18610);"
355150,",'",SERRANA,,",",46166,,"46,166","INSERT INTO public.populacao VALUES (355150,'SERRANA',46166);"
353690,",'",PEDRANOPOLIS,,",",2468,,"2,468","INSERT INTO public.populacao VALUES (353690,'PEDRANOPOLIS',2468);"
352920,",'",MARTINOPOLIS,,",",26791,,"26,791","INSERT INTO public.populacao VALUES (352920,'MARTINOPOLIS',26791);"
350900,",'",CAIEIRAS,,",",104044,,"104,044","INSERT INTO public.populacao VALUES (350900,'CAIEIRAS',104044);"
355550,",'",UBIRAJARA,,",",4828,,"4,828","INSERT INTO public.populacao VALUES (355550,'UBIRAJARA',4828);"
350690,",'",BOFETE,,",",12107,,"12,107","INSERT INTO public.populacao VALUES (350690,'BOFETE',12107);"
353620,",'",PARIQUERA-ACU,,",",19797,,"19,797","INSERT INTO public.populacao VALUES (353620,'PARIQUERA-ACU',19797);"
352130,",'",IPUA,,",",16794,,"16,794","INSERT INTO public.populacao VALUES (352130,'IPUA',16794);"
352250,",'",ITAPEVI,,",",244131,,"244,131","INSERT INTO public.populacao VALUES (352250,'ITAPEVI',244131);"
354640,",'",SANTA CRUZ DO RIO PARDO,,",",48207,,"48,207","INSERT INTO public.populacao VALUES (354640,'SANTA CRUZ DO RIO PARDO',48207);"
351110,",'",CATANDUVA,,",",123114,,"123,114","INSERT INTO public.populacao VALUES (351110,'CATANDUVA',123114);"
354490,",'",SALES OLIVEIRA,,",",12103,,"12,103","INSERT INTO public.populacao VALUES (354490,'SALES OLIVEIRA',12103);"
354625,",'",SANTA CRUZ DA ESPERANCA,,",",2166,,"2,166","INSERT INTO public.populacao VALUES (354625,'SANTA CRUZ DA ESPERANCA',2166);"
350450,",'",AVARE,,",",91792,,"91,792","INSERT INTO public.populacao VALUES (350450,'AVARE',91792);"
352080,",'",INUBIA PAULISTA,,",",4045,,"4,045","INSERT INTO public.populacao VALUES (352080,'INUBIA PAULISTA',4045);"
354325,",'",RIBEIRAO GRANDE,,",",7686,,"7,686","INSERT INTO public.populacao VALUES (354325,'RIBEIRAO GRANDE',7686);"
351350,",'",CUBATAO,,",",132521,,"132,521","INSERT INTO public.populacao VALUES (351350,'CUBATAO',132521);"
350635,",'",BERTIOGA,,",",66154,,"66,154","INSERT INTO public.populacao VALUES (350635,'BERTIOGA',66154);"
354290,",'",RIBEIRAO BONITO,,",",13376,,"13,376","INSERT INTO public.populacao VALUES (354290,'RIBEIRAO BONITO',13376);"
355255,",'",SUZANAPOLIS,,",",4063,,"4,063","INSERT INTO public.populacao VALUES (355255,'SUZANAPOLIS',4063);"
351630,",'",FRANCISCO MORATO,,",",179372,,"179,372","INSERT INTO public.populacao VALUES (351630,'FRANCISCO MORATO',179372);"
350440,",'",AVANHANDAVA,,",",14063,,"14,063","INSERT INTO public.populacao VALUES (350440,'AVANHANDAVA',14063);"
351580,",'",FLORA RICA,,",",1397,,"1,397","INSERT INTO public.populacao VALUES (351580,'FLORA RICA',1397);"
350760,",'",BRAGANCA PAULISTA,,",",172346,,"172,346","INSERT INTO public.populacao VALUES (350760,'BRAGANCA PAULISTA',172346);"
352100,",'",IPERO,,",",38771,,"38,771","INSERT INTO public.populacao VALUES (352100,'IPERO',38771);"
354090,",'",PRADOPOLIS,,",",22239,,"22,239","INSERT INTO public.populacao VALUES (354090,'PRADOPOLIS',22239);"
355070,",'",SAO SEBASTIAO,,",",91637,,"91,637","INSERT INTO public.populacao VALUES (355070,'SAO SEBASTIAO',91637);"
350490,",'",BANANAL,,",",11039,,"11,039","INSERT INTO public.populacao VALUES (350490,'BANANAL',11039);"
355000,",'",SAO LUIS DO PARAITINGA,,",",10000,,0,"INSERT INTO public.populacao VALUES (355000,'SAO LUIS DO PARAITINGA',10000);"
350820,",'",BURITIZAL,,",",4547,,"4,547","INSERT INTO public.populacao VALUES (350820,'BURITIZAL',4547);"
354980,",'",SAO JOSE DO RIO PRETO,,",",469173,,"469,173","INSERT INTO public.populacao VALUES (354980,'SAO JOSE DO RIO PRETO',469173);"
355540,",'",UBATUBA,,",",92819,,"92,819","INSERT INTO public.populacao VALUES (355540,'UBATUBA',92819);"
354515,",'",SALTINHO,,",",8498,,"8,498","INSERT INTO public.populacao VALUES (354515,'SALTINHO',8498);"
353850,",'",PIQUETE,,",",13495,,"13,495","INSERT INTO public.populacao VALUES (353850,'PIQUETE',13495);"
351150,",'",CERQUILHO,,",",50631,,"50,631","INSERT INTO public.populacao VALUES (351150,'CERQUILHO',50631);"
353730,",'",PENAPOLIS,,",",64098,,"64,098","INSERT INTO public.populacao VALUES (353730,'PENAPOLIS',64098);"
354530,",'",SALTO DE PIRAPORA,,",",46285,,"46,285","INSERT INTO public.populacao VALUES (354530,'SALTO DE PIRAPORA',46285);"
350480,",'",BALSAMO,,",",9209,,"9,209","INSERT INTO public.populacao VALUES (350480,'BALSAMO',9209);"
350740,",'",BORBOREMA,,",",16278,,"16,278","INSERT INTO public.populacao VALUES (350740,'BORBOREMA',16278);"
355050,",'",SAO PEDRO DO TURVO,,",",7724,,"7,724","INSERT INTO public.populacao VALUES (355050,'SAO PEDRO DO TURVO',7724);"
354310,",'",RIBEIRAO CORRENTE,,",",4786,,"4,786","INSERT INTO public.populacao VALUES (354310,'RIBEIRAO CORRENTE',4786);"
352930,",'",MATAO,,",",84069,,"84,069","INSERT INTO public.populacao VALUES (352930,'MATAO',84069);"
351380,",'",DIADEMA,,",",429550,,"429,55","INSERT INTO public.populacao VALUES (351380,'DIADEMA',429550);"
#N/A,",'",ESTRELA D OESTE,,",",8500,,"8,42",#N/A
352970,",'",MIGUELOPOLIS,,",",22480,,"22,48","INSERT INTO public.populacao VALUES (352970,'MIGUELOPOLIS',22480);"
354990,",'",SAO JOSE DOS CAMPOS,,",",737310,,"737,31","INSERT INTO public.populacao VALUES (354990,'SAO JOSE DOS CAMPOS',737310);"
351190,",'",CLEMENTINA,,",",8894,,"8,894","INSERT INTO public.populacao VALUES (351190,'CLEMENTINA',8894);"
352300,",'",ITAPURA,,",",4994,,"4,994","INSERT INTO public.populacao VALUES (352300,'ITAPURA',4994);"
354560,",'",SANTA ADELIA,,",",15639,,"15,639","INSERT INTO public.populacao VALUES (354560,'SANTA ADELIA',15639);"
350340,",'",AREALVA,,",",8665,,"8,665","INSERT INTO public.populacao VALUES (350340,'AREALVA',8665);"
350280,",'",ARACATUBA,,",",199210,,"199,21","INSERT INTO public.populacao VALUES (350280,'ARACATUBA',199210);"
353990,",'",POLONI,,",",6166,,"6,166","INSERT INTO public.populacao VALUES (353990,'POLONI',6166);"
351090,",'",CASSIA DOS COQUEIROS,,",",2488,,"2,488","INSERT INTO public.populacao VALUES (351090,'CASSIA DOS COQUEIROS',2488);"
352940,",'",MAUA,,",",481725,,"481,725","INSERT INTO public.populacao VALUES (352940,'MAUA',481725);"
352390,",'",ITU,,",",177150,,"177,15","INSERT INTO public.populacao VALUES (352390,'ITU',177150);"
350680,",'",BOCAINA,,",",12571,,"12,571","INSERT INTO public.populacao VALUES (350680,'BOCAINA',12571);"
355720,",'",CHAVANTES,,",",12418,,"12,418","INSERT INTO public.populacao VALUES (355720,'CHAVANTES',12418);"
350670,",'",BOA ESPERANCA DO SUL,,",",15111,,"15,111","INSERT INTO public.populacao VALUES (350670,'BOA ESPERANCA DO SUL',15111);"
355680,",'",VIRADOURO,,",",19133,,"19,133","INSERT INTO public.populacao VALUES (355680,'VIRADOURO',19133);"
351560,",'",FERNANDO PRESTES,,",",5805,,"5,805","INSERT INTO public.populacao VALUES (351560,'FERNANDO PRESTES',5805);"
351950,",'",IBIRAREMA,,",",7926,,"7,926","INSERT INTO public.populacao VALUES (351950,'IBIRAREMA',7926);"
352400,",'",ITUPEVA,,",",64330,,"64,33","INSERT INTO public.populacao VALUES (352400,'ITUPEVA',64330);"
350710,",'",BOM JESUS DOS PERDOES,,",",26000,,0,"INSERT INTO public.populacao VALUES (350710,'BOM JESUS DOS PERDOES',26000);"
353420,",'",ORINDIUVA,,",",7318,,"7,318","INSERT INTO public.populacao VALUES (353420,'ORINDIUVA',7318);"
352220,",'",ITAPECERICA DA SERRA,,",",179574,,"179,574","INSERT INTO public.populacao VALUES (352220,'ITAPECERICA DA SERRA',179574);"
352820,",'",MACEDONIA,,",",3500,,0,"INSERT INTO public.populacao VALUES (352820,'MACEDONIA',3500);"
351140,",'",CERQUEIRA CESAR,,",",20391,,"20,391","INSERT INTO public.populacao VALUES (351140,'CERQUEIRA CESAR',20391);"
351100,",'",CASTILHO,,",",21521,,"21,521","INSERT INTO public.populacao VALUES (351100,'CASTILHO',21521);"
351870,",'",GUARUJA,,",",324977,,"324,977","INSERT INTO public.populacao VALUES (351870,'GUARUJA',324977);"
352740,",'",LUCELIA,,",",22022,,"22,022","INSERT INTO public.populacao VALUES (352740,'LUCELIA',22022);"
354960,",'",SAO JOSE DO BARREIRO,,",",4141,,"4,141","INSERT INTO public.populacao VALUES (354960,'SAO JOSE DO BARREIRO',4141);"
350115,",'",ALUMINIO,,",",18903,,"18,903","INSERT INTO public.populacao VALUES (350115,'ALUMINIO',18903);"
354500,",'",SALESOPOLIS,,",",17363,,"17,363","INSERT INTO public.populacao VALUES (354500,'SALESOPOLIS',17363);"
351570,",'",FERRAZ DE VASCONCELOS,,",",198661,,"198,661","INSERT INTO public.populacao VALUES (351570,'FERRAZ DE VASCONCELOS',198661);"
355110,",'",SARAPUI,,",",10493,,"10,493","INSERT INTO public.populacao VALUES (355110,'SARAPUI',10493);"
354900,",'",SAO FRANCISCO,,",",2813,,"2,813","INSERT INTO public.populacao VALUES (354900,'SAO FRANCISCO',2813);"
353205,",'",MOTUCA,,",",4831,,"4,831","INSERT INTO public.populacao VALUES (353205,'MOTUCA',4831);"
353700,",'",PEDREGULHO,,",",16876,,"16,876","INSERT INTO public.populacao VALUES (353700,'PEDREGULHO',16876);"
350150,",'",ALVINLANDIA,,",",3251,,0,"INSERT INTO public.populacao VALUES (350150,'ALVINLANDIA',3251);"
353220,",'",NARANDIBA,,",",4950,,"4,95","INSERT INTO public.populacao VALUES (353220,'NARANDIBA',4950);"
355060,",'",SAO ROQUE,,",",93076,,"93,076","INSERT INTO public.populacao VALUES (355060,'SAO ROQUE',93076);"
351905,",'",HOLAMBRA,,",",15605,,"15,605","INSERT INTO public.populacao VALUES (351905,'HOLAMBRA',15605);"
354280,",'",RIBEIRA,,",",3320,,"3,32","INSERT INTO public.populacao VALUES (354280,'RIBEIRA',3320);"
#N/A,",'",SANTA BARBARA D OESTE,,",",195000,,"195,278",#N/A
351230,",'",CONCHAS,,",",18138,,"18,138","INSERT INTO public.populacao VALUES (351230,'CONCHAS',18138);"
351925,",'",IARAS,,",",9786,,"9,786","INSERT INTO public.populacao VALUES (351925,'IARAS',9786);"
352050,",'",INDAIATUBA,,",",260690,,"260,69","INSERT INTO public.populacao VALUES (352050,'INDAIATUBA',260690);"
354020,",'",PONTAL,,",",51717,,"51,717","INSERT INTO public.populacao VALUES (354020,'PONTAL',51717);"
353980,",'",POA,,",",119221,,"119,221","INSERT INTO public.populacao VALUES (353980,'POA',119221);"
354470,",'",SAGRES,,",",2427,,"2,427","INSERT INTO public.populacao VALUES (354470,'SAGRES',2427);"
353715,",'",PEDRINHAS PAULISTA,,",",3109,,"3,109","INSERT INTO public.populacao VALUES (353715,'PEDRINHAS PAULISTA',3109);"
354510,",'",SALMOURAO,,",",5372,,"5,372","INSERT INTO public.populacao VALUES (354510,'SALMOURAO',5372);"
355460,",'",TIMBURI,,",",2647,,"2,647","INSERT INTO public.populacao VALUES (355460,'TIMBURI',2647);"
354150,",'",PRESIDENTE VENCESLAU,,",",39648,,"39,648","INSERT INTO public.populacao VALUES (354150,'PRESIDENTE VENCESLAU',39648);"
351900,",'",HERCULANDIA,,",",9649,,0,"INSERT INTO public.populacao VALUES (351900,'HERCULANDIA',9649);"
352980,",'",MINEIROS DO TIETE,,",",13023,,0,"INSERT INTO public.populacao VALUES (352980,'MINEIROS DO TIETE',13023);"
353890,",'",PIRAJUI,,",",25939,,"25,939","INSERT INTO public.populacao VALUES (353890,'PIRAJUI',25939);"
351750,",'",GUAPIACU,,",",22087,,"22,087","INSERT INTO public.populacao VALUES (351750,'GUAPIACU',22087);"
350470,",'",BALBINOS,,",",6127,,"6,127","INSERT INTO public.populacao VALUES (350470,'BALBINOS',6127);"
351535,",'",EUCLIDES DA CUNHA PAULISTA,,",",9280,,"9,28","INSERT INTO public.populacao VALUES (351535,'EUCLIDES DA CUNHA PAULISTA',9280);"
353640,",'",PAULICEIA,,",",7540,,"7,54","INSERT INTO public.populacao VALUES (353640,'PAULICEIA',7540);"
350620,",'",BENTO DE ABREU,,",",3028,,"3,028","INSERT INTO public.populacao VALUES (350620,'BENTO DE ABREU',3028);"
353100,",'",MONCOES,,",",2100,,0,"INSERT INTO public.populacao VALUES (353100,'MONCOES',2100);"
353560,",'",PARAIBUNA,,",",18000,,0,"INSERT INTO public.populacao VALUES (353560,'PARAIBUNA',18000);"
353380,",'",OLEO,,",",2447,,"2,447","INSERT INTO public.populacao VALUES (353380,'OLEO',2447);"
351640,",'",FRANCO DA ROCHA,,",",158438,,"158,438","INSERT INTO public.populacao VALUES (351640,'FRANCO DA ROCHA',158438);"
353090,",'",MOMBUCA,,",",3523,,"3,523","INSERT INTO public.populacao VALUES (353090,'MOMBUCA',3523);"
353160,",'",MONTE CASTELO,,",",4166,,"4,166","INSERT INTO public.populacao VALUES (353160,'MONTE CASTELO',4166);"
353650,",'",PAULINIA,,",",114508,,"114,508","INSERT INTO public.populacao VALUES (353650,'PAULINIA',114508);"
350080,",'",ALFREDO MARCONDES,,",",4201,,"4,201","INSERT INTO public.populacao VALUES (350080,'ALFREDO MARCONDES',4201);"
352700,",'",LINDOIA,,",",8201,,"8,201","INSERT INTO public.populacao VALUES (352700,'LINDOIA',8201);"
353350,",'",NOVO HORIZONTE,,",",41000,,0,"INSERT INTO public.populacao VALUES (353350,'NOVO HORIZONTE',41000);"
351490,",'",ELIAS FAUSTO,,",",18095,,"18,095","INSERT INTO public.populacao VALUES (351490,'ELIAS FAUSTO',18095);"
355700,",'",VOTORANTIM,,",",124468,,"124,468","INSERT INTO public.populacao VALUES (355700,'VOTORANTIM',124468);"
352880,",'",MARACAI,,",",14069,,"14,069","INSERT INTO public.populacao VALUES (352880,'MARACAI',14069);"
350925,",'",CAJATI,,",",28441,,"28,441","INSERT INTO public.populacao VALUES (350925,'CAJATI',28441);"
354070,",'",PORTO FERREIRA,,",",56848,,"56,848","INSERT INTO public.populacao VALUES (354070,'PORTO FERREIRA',56848);"
352590,",'",JUNDIAI,,",",426935,,"426,935","INSERT INTO public.populacao VALUES (352590,'JUNDIAI',426935);"
355635,",'",VARGEM,,",",10842,,"10,842","INSERT INTO public.populacao VALUES (355635,'VARGEM',10842);"
354750,",'",SANTA RITA DO PASSA QUATRO,,",",27641,,"27,641","INSERT INTO public.populacao VALUES (354750,'SANTA RITA DO PASSA QUATRO',27641);"
350590,",'",BATATAIS,,",",63438,,"63,438","INSERT INTO public.populacao VALUES (350590,'BATATAIS',63438);"
350200,",'",ANALANDIA,,",",5115,,0,"INSERT INTO public.populacao VALUES (350200,'ANALANDIA',5115);"
350715,",'",BOM SUCESSO DE ITARARE,,",",4013,,"4,013","INSERT INTO public.populacao VALUES (350715,'BOM SUCESSO DE ITARARE',4013);"
355495,",'",TUIUTI,,",",7058,,"7,058","INSERT INTO public.populacao VALUES (355495,'TUIUTI',7058);"
355320,",'",TAIUVA,,",",5562,,"5,562","INSERT INTO public.populacao VALUES (355320,'TAIUVA',5562);"
354350,",'",RIVERSUL,,",",5364,,"5,364","INSERT INTO public.populacao VALUES (354350,'RIVERSUL',5364);"
353200,",'",MORUNGABA,,",",13936,,"13,936","INSERT INTO public.populacao VALUES (353200,'MORUNGABA',13936);"
352810,",'",MACAUBAL,,",",8174,,"8,174","INSERT INTO public.populacao VALUES (352810,'MACAUBAL',8174);"
354660,",'",SANTA FE DO SUL,,",",32796,,"32,796","INSERT INTO public.populacao VALUES (354660,'SANTA FE DO SUL',32796);"
355350,",'",TAPIRAI,,",",7725,,"7,725","INSERT INTO public.populacao VALUES (355350,'TAPIRAI',7725);"
354450,",'",RUBINEIA,,",",3191,,"3,191","INSERT INTO public.populacao VALUES (354450,'RUBINEIA',3191);"
354085,",'",PRACINHA,,",",4327,,"4,327","INSERT INTO public.populacao VALUES (354085,'PRACINHA',4327);"
350410,",'",ATIBAIA,,",",145378,,"145,378","INSERT INTO public.populacao VALUES (350410,'ATIBAIA',145378);"
354250,",'",REGINOPOLIS,,",",10047,,"10,047","INSERT INTO public.populacao VALUES (354250,'REGINOPOLIS',10047);"
350230,",'",ANHEMBI,,",",6911,,"6,911","INSERT INTO public.populacao VALUES (350230,'ANHEMBI',6911);"
350360,",'",AREIOPOLIS,,",",11186,,"11,186","INSERT INTO public.populacao VALUES (350360,'AREIOPOLIS',11186);"
351790,",'",GUARACI,,",",11382,,"11,382","INSERT INTO public.populacao VALUES (351790,'GUARACI',11382);"
352580,",'",JULIO MESQUITA,,",",4824,,"4,824","INSERT INTO public.populacao VALUES (352580,'JULIO MESQUITA',4824);"
351565,",'",FERNAO,,",",1739,,"1,739","INSERT INTO public.populacao VALUES (351565,'FERNAO',1739);"
350250,",'",APARECIDA,,",",36211,,"36,211","INSERT INTO public.populacao VALUES (350250,'APARECIDA',36211);"
354320,",'",RIBEIRAO DO SUL,,",",4537,,"4,537","INSERT INTO public.populacao VALUES (354320,'RIBEIRAO DO SUL',4537);"
352265,",'",ITAPIRAPUA PAULISTA,,",",4294,,"4,294","INSERT INTO public.populacao VALUES (352265,'ITAPIRAPUA PAULISTA',4294);"
352270,",'",ITAPOLIS,,",",43536,,"43,536","INSERT INTO public.populacao VALUES (352270,'ITAPOLIS',43536);"
350020,",'",ADOLFO,,",",3545,,"3,545","INSERT INTO public.populacao VALUES (350020,'ADOLFO',3545);"
354030,",'",PONTES GESTAL,,",",2576,,"2,576","INSERT INTO public.populacao VALUES (354030,'PONTES GESTAL',2576);"
350090,",'",ALTAIR,,",",4211,,"4,211","INSERT INTO public.populacao VALUES (350090,'ALTAIR',4211);"
351200,",'",COLINA,,",",18601,,"18,601","INSERT INTO public.populacao VALUES (351200,'COLINA',18601);"
352110,",'",IPEUNA,,",",7824,,"7,824","INSERT INTO public.populacao VALUES (352110,'IPEUNA',7824);"
354805,",'",SANTO ANTONIO DO ARACANGUA,,",",8500,,0,"INSERT INTO public.populacao VALUES (354805,'SANTO ANTONIO DO ARACANGUA',8500);"
354700,",'",SANTA MARIA DA SERRA,,",",6298,,"6,298","INSERT INTO public.populacao VALUES (354700,'SANTA MARIA DA SERRA',6298);"
355630,",'",VALPARAISO,,",",27154,,"27,154","INSERT INTO public.populacao VALUES (355630,'VALPARAISO',27154);"
352310,",'",ITAQUAQUECETUBA,,",",379082,,"379,082","INSERT INTO public.populacao VALUES (352310,'ITAQUAQUECETUBA',379082);"
352090,",'",IPAUSSU,,",",15165,,"15,165","INSERT INTO public.populacao VALUES (352090,'IPAUSSU',15165);"
350790,",'",BROTAS,,",",24862,,"24,862","INSERT INTO public.populacao VALUES (350790,'BROTAS',24862);"
351840,",'",GUARATINGUETA,,",",123192,,"123,192","INSERT INTO public.populacao VALUES (351840,'GUARATINGUETA',123192);"
352520,",'",JARINU,,",",31173,,"31,173","INSERT INTO public.populacao VALUES (352520,'JARINU',31173);"
350190,",'",AMPARO,,",",73145,,"73,145","INSERT INTO public.populacao VALUES (350190,'AMPARO',73145);"
354600,",'",SANTA BRANCA,,",",14925,,"14,925","INSERT INTO public.populacao VALUES (354600,'SANTA BRANCA',14925);"
355690,",'",VISTA ALEGRE DO ALTO,,",",9163,,"9,163","INSERT INTO public.populacao VALUES (355690,'VISTA ALEGRE DO ALTO',9163);"
355730,",'",ESTIVA GERBI,,",",11507,,"11,507","INSERT INTO public.populacao VALUES (355730,'ESTIVA GERBI',11507);"
353150,",'",MONTE AZUL PAULISTA,,",",18928,,"18,928","INSERT INTO public.populacao VALUES (353150,'MONTE AZUL PAULISTA',18928);"
352965,",'",MESOPOLIS,,",",1903,,"1,903","INSERT INTO public.populacao VALUES (352965,'MESOPOLIS',1903);"
354220,",'",RANCHARIA,,",",29743,,"29,743","INSERT INTO public.populacao VALUES (354220,'RANCHARIA',29743);"
352585,",'",JUMIRIM,,",",3467,,"3,467","INSERT INTO public.populacao VALUES (352585,'JUMIRIM',3467);"
353760,",'",PERUIBE,,",",69697,,"69,697","INSERT INTO public.populacao VALUES (353760,'PERUIBE',69697);"
351170,",'",CHARQUEADA,,",",17539,,"17,539","INSERT INTO public.populacao VALUES (351170,'CHARQUEADA',17539);"
351740,",'",GUAIRA,,",",41283,,"41,283","INSERT INTO public.populacao VALUES (351740,'GUAIRA',41283);"
353960,",'",PLANALTO,,",",5370,,"5,37","INSERT INTO public.populacao VALUES (353960,'PLANALTO',5370);"
350395,",'",ASPASIA,,",",1815,,"1,815","INSERT INTO public.populacao VALUES (350395,'ASPASIA',1815);"
353330,",'",NOVA LUZITANIA,,",",4217,,0,"INSERT INTO public.populacao VALUES (353330,'NOVA LUZITANIA',4217);"
351360,",'",CUNHA,,",",21373,,"21,373","INSERT INTO public.populacao VALUES (351360,'CUNHA',21373);"
354190,",'",QUELUZ,,",",13788,,"13,788","INSERT INTO public.populacao VALUES (354190,'QUELUZ',13788);"
352770,",'",LUIZIANIA,,",",5918,,0,"INSERT INTO public.populacao VALUES (352770,'LUIZIANIA',5918);"
353210,",'",MURUTINGA DO SUL,,",",4525,,"4,525","INSERT INTO public.populacao VALUES (353210,'MURUTINGA DO SUL',4525);"
354650,",'",SANTA ERNESTINA,,",",5577,,"5,577","INSERT INTO public.populacao VALUES (354650,'SANTA ERNESTINA',5577);"
350850,",'",CACAPAVA,,",",95752,,"95,752","INSERT INTO public.populacao VALUES (350850,'CACAPAVA',95752);"
353800,",'",PINDAMONHANGABA,,",",171885,,"171,885","INSERT INTO public.populacao VALUES (353800,'PINDAMONHANGABA',171885);"
351060,",'",CARAPICUIBA,,",",405375,,"405,375","INSERT INTO public.populacao VALUES (351060,'CARAPICUIBA',405375);"
350100,",'",ALTINOPOLIS,,",",16221,,"16,221","INSERT INTO public.populacao VALUES (350100,'ALTINOPOLIS',16221);"
354765,",'",SANTA SALETE,,",",1558,,"1,558","INSERT INTO public.populacao VALUES (354765,'SANTA SALETE',1558);"
351980,",'",ICEM,,",",8363,,"8,363","INSERT INTO public.populacao VALUES (351980,'ICEM',8363);"
352720,",'",LORENA,,",",89532,,"89,532","INSERT INTO public.populacao VALUES (352720,'LORENA',89532);"
351070,",'",CARDOSO,,",",12371,,"12,371","INSERT INTO public.populacao VALUES (351070,'CARDOSO',12371);"
350780,",'",BRODOWSKI,,",",25605,,"25,605","INSERT INTO public.populacao VALUES (350780,'BRODOWSKI',25605);"
353440,",'",OSASCO,,",",701428,,"701,428","INSERT INTO public.populacao VALUES (353440,'OSASCO',701428);"
352690,",'",LIMEIRA,,",",310783,,"310,783","INSERT INTO public.populacao VALUES (352690,'LIMEIRA',310783);"
352240,",'",ITAPEVA,,",",95241,,"95,241","INSERT INTO public.populacao VALUES (352240,'ITAPEVA',95241);"
352800,",'",MACATUBA,,",",17263,,"17,263","INSERT INTO public.populacao VALUES (352800,'MACATUBA',17263);"
351120,",'",CATIGUA,,",",7905,,"7,905","INSERT INTO public.populacao VALUES (351120,'CATIGUA',7905);"
354460,",'",SABINO,,",",5638,,"5,638","INSERT INTO public.populacao VALUES (354460,'SABINO',5638);"
353390,",'",OLIMPIA,,",",55477,,"55,477","INSERT INTO public.populacao VALUES (353390,'OLIMPIA',55477);"
351220,",'",CONCHAL,,",",28491,,"28,491","INSERT INTO public.populacao VALUES (351220,'CONCHAL',28491);"
353320,",'",NOVA INDEPENDENCIA,,",",4135,,0,"INSERT INTO public.populacao VALUES (353320,'NOVA INDEPENDENCIA',4135);"
355370,",'",TAQUARITINGA,,",",57547,,"57,547","INSERT INTO public.populacao VALUES (355370,'TAQUARITINGA',57547);"
350910,",'",CAIUA,,",",6017,,"6,017","INSERT INTO public.populacao VALUES (350910,'CAIUA',6017);"
353880,",'",PIRAJU,,",",29930,,"29,93","INSERT INTO public.populacao VALUES (353880,'PIRAJU',29930);"
350580,",'",BASTOS,,",",20952,,"20,952","INSERT INTO public.populacao VALUES (350580,'BASTOS',20952);"
350120,",'",ALVARES FLORENCE,,",",3616,,"3,616","INSERT INTO public.populacao VALUES (350120,'ALVARES FLORENCE',3616);"
354420,",'",RIOLANDIA,,",",12856,,0,"INSERT INTO public.populacao VALUES (354420,'RIOLANDIA',12856);"
350860,",'",CACHOEIRA PAULISTA,,",",33827,,"33,827","INSERT INTO public.populacao VALUES (350860,'CACHOEIRA PAULISTA',33827);"
354210,",'",RAFARD,,",",9126,,"9,126","INSERT INTO public.populacao VALUES (354210,'RAFARD',9126);"
353290,",'",NOVA EUROPA,,",",11519,,"11,519","INSERT INTO public.populacao VALUES (353290,'NOVA EUROPA',11519);"
354240,",'",REGENTE FEIJO,,",",20523,,"20,523","INSERT INTO public.populacao VALUES (354240,'REGENTE FEIJO',20523);"
351330,",'",CRUZALIA,,",",2021,,"2,021","INSERT INTO public.populacao VALUES (351330,'CRUZALIA',2021);"
354810,",'",SANTO ANTONIO DO JARDIM,,",",6000,,0,"INSERT INTO public.populacao VALUES (354810,'SANTO ANTONIO DO JARDIM',6000);"
352044,",'",ILHA SOLTEIRA,,",",26886,,"26,886","INSERT INTO public.populacao VALUES (352044,'ILHA SOLTEIRA',26886);"
353060,",'",MOGI DAS CRUZES,,",",455587,,"455,587","INSERT INTO public.populacao VALUES (353060,'MOGI DAS CRUZES',455587);"
355130,",'",SEBASTIANOPOLIS DO SUL,,",",3595,,"3,595","INSERT INTO public.populacao VALUES (355130,'SEBASTIANOPOLIS DO SUL',3595);"
351300,",'",COTIA,,",",257882,,"257,882","INSERT INTO public.populacao VALUES (351300,'COTIA',257882);"
351480,",'",ELDORADO,,",",15592,,"15,592","INSERT INTO public.populacao VALUES (351480,'ELDORADO',15592);"
353500,",'",PALESTINA,,",",13285,,"13,285","INSERT INTO public.populacao VALUES (353500,'PALESTINA',13285);"
355100,",'",SAO VICENTE,,",",370839,,"370,839","INSERT INTO public.populacao VALUES (355100,'SAO VICENTE',370839);"
352280,",'",ITAPORANGA,,",",15197,,"15,197","INSERT INTO public.populacao VALUES (352280,'ITAPORANGA',15197);"
351390,",'",DIVINOLANDIA,,",",11027,,0,"INSERT INTO public.populacao VALUES (351390,'DIVINOLANDIA',11027);"
351710,",'",GLICERIO,,",",4842,,"4,842","INSERT INTO public.populacao VALUES (351710,'GLICERIO',4842);"
355290,",'",TACIBA,,",",6371,,"6,371","INSERT INTO public.populacao VALUES (355290,'TACIBA',6371);"
351495,",'",EMBAUBA,,",",2446,,"2,446","INSERT INTO public.populacao VALUES (351495,'EMBAUBA',2446);"
352440,",'",JACAREI,,",",237119,,"237,119","INSERT INTO public.populacao VALUES (352440,'JACAREI',237119);"
354040,",'",POPULINA,,",",4136,,"4,136","INSERT INTO public.populacao VALUES (354040,'POPULINA',4136);"
